{"cameraMode":{"drawMode":0,"name":"Shaded","section":"Shading Mode"},"sceneLighting":false,"audioPlay":false,"sceneViewState":{"showFog":true,"showMaterialUpdate":false,"showSkybox":true,"showFlares":true,"showImageEffects":true,"showParticleSystems":true},"in2DMode":false,"pivot":{"x":0.06000000238418579,"y":-0.40656816959381106,"z":0.0},"rotation":{"x":0.13670191168785096,"y":-0.7268110513687134,"z":0.15149852633476258,"w":0.6558250784873962},"size":11.301949501037598,"orthographic":false}