{"cameraMode":{"drawMode":0,"name":"Shaded","section":"Shading Mode"},"sceneLighting":false,"audioPlay":false,"sceneViewState":{"showFog":true,"showMaterialUpdate":false,"showSkybox":true,"showFlares":true,"showImageEffects":true,"showParticleSystems":true},"in2DMode":false,"pivot":{"x":2.7725934982299806,"y":-0.4511737823486328,"z":-3.085869789123535},"rotation":{"x":0.13422013819217683,"y":-0.5970581769943237,"z":0.10218210518360138,"w":0.7842609882354736},"size":17.184524536132814,"orthographic":false}